,First Touch,Last Touch,Linear,Time Decay,Position Based
Google Search,907141.3200000001,2126293.759999999,1454062.8185000012,1713417.340761906,1483831.405333332
Meta Ads,1272550.110000001,882060.3099999998,1294069.4914999998,1179810.9558248853,1181682.145666666
Programmatic Display,1486143.5899999992,526274.1600000001,994856.9534999992,800564.9386267269,1004616.8106666661
YouTube,1705934.5799999994,746619.1800000004,1285270.8811666642,1076230.0838218112,1249856.7410000004
Affiliate,663579.08,1754101.2699999998,1007088.535333334,1265325.3609646666,1115361.577333335
