n_touches,Total_Journeys,Converted,Avg_Revenue,Total_Revenue,Avg_Journey_Days,CVR_Pct,Revenue_Share_Pct
1,1697,531,518.0,878332.79,5.352386564525633,31.3,14.6
2,2448,998,721.0,1763887.92,5.4566993464052285,40.8,29.2
3,2242,959,811.0,1818796.03,5.109723461195362,42.8,30.1
4,1120,502,921.0,1031481.08,4.769642857142857,44.8,17.1
5,493,254,1101.0,542850.86,5.535496957403651,51.5,9.0
