,Last_Touch_Rev,Linear_Rev,Gap_INR,Gap_Lakhs,Gap_Pct,Verdict,Last_Touch_Lakhs,Linear_Lakhs
Google Search,2126293.759999999,1454062.8185000012,672230.9414999976,6.72,46.2,Overvalued by last-touch,21.26,14.54
Meta Ads,882060.3099999998,1294069.4914999998,-412009.18149999995,-4.12,-31.8,Undervalued by last-touch,8.82,12.94
Programmatic Display,526274.1600000001,994856.9534999992,-468582.7934999991,-4.69,-47.1,Undervalued by last-touch,5.26,9.95
YouTube,746619.1800000004,1285270.8811666642,-538651.7011666638,-5.39,-41.9,Undervalued by last-touch,7.47,12.85
Affiliate,1754101.2699999998,1007088.535333334,747012.7346666658,7.47,74.2,Overvalued by last-touch,17.54,10.07
